{"strategy":{"HourBasedStrategy":{"trades":[{"pair":"LTC/USDT:USDT","stake_amount":197.93955,"max_stake_amount":197.93955,"amount":1.797,"open_date":"2024-12-19 11:00:00+00:00","close_date":"2024-12-19 18:00:00+00:00","open_rate":110.15,"close_rate":99.14,"fee_open":0.0005,"fee_close":0.0005,"trade_duration":420,"profit_ratio":-0.10095098177220256,"profit_abs":-19.992183,"exit_reason":"stop_loss","initial_stop_loss_abs":99.14,"initial_stop_loss_ratio":-0.1,"stop_loss_abs":99.14,"stop_loss_ratio":-0.1,"min_rate":97.14,"max_rate":111.72,"is_open":false,"enter_tag":"","leverage":1.0,"is_short":false,"open_timestamp":1734606000000,"close_timestamp":1734631200000,"orders":[{"amount":1.797,"safe_price":110.15,"ft_order_side":"buy","order_filled_timestamp":1734606000000,"ft_is_entry":true,"ft_order_tag":""},{"amount":1.797,"safe_price":99.14,"ft_order_side":"sell","order_filled_timestamp":1734631200000,"ft_is_entry":false,"ft_order_tag":"stop_loss"}]},{"pair":"ETH/USDT:USDT","stake_amount":196.40263,"max_stake_amount":196.40263,"amount":0.053,"open_date":"2024-12-19 11:00:00+00:00","close_date":"2024-12-19 20:00:00+00:00","open_rate":3705.71,"close_rate":3335.14,"fee_open":0.0005,"fee_close":0.0005,"trade_duration":540,"profit_ratio":-0.1009711517107736,"profit_abs":-19.84091525,"exit_reason":"stop_loss","initial_stop_loss_abs":3335.14,"initial_stop_loss_ratio":-0.1,"stop_loss_abs":3335.14,"stop_loss_ratio":-0.1,"min_rate":3322.2,"max_rate":3711.2,"is_open":false,"enter_tag":"","leverage":1.0,"is_short":false,"open_timestamp":1734606000000,"close_timestamp":1734638400000,"orders":[{"amount":0.053,"safe_price":3705.71,"ft_order_side":"buy","order_filled_timestamp":1734606000000,"ft_is_entry":true,"ft_order_tag":""},{"amount":0.053,"safe_price":3335.14,"ft_order_side":"sell","order_filled_timestamp":1734638400000,"ft_is_entry":false,"ft_order_tag":"stop_loss"}]},{"pair":"LTC/USDT:USDT","stake_amount":194.02592,"max_stake_amount":194.02592,"amount":1.936,"open_date":"2024-12-19 19:00:00+00:00","close_date":"2024-12-20 10:00:00+00:00","open_rate":100.22,"close_rate":90.2,"fee_open":0.0005,"fee_close":0.0005,"trade_duration":900,"profit_ratio":-0.10107834726586958,"profit_abs":-19.62162523,"exit_reason":"stop_loss","initial_stop_loss_abs":90.2,"initial_stop_loss_ratio":-0.1,"stop_loss_abs":90.2,"stop_loss_ratio":-0.1,"min_rate":90.03,"max_rate":103.24,"is_open":false,"enter_tag":"","leverage":1.0,"is_short":false,"open_timestamp":1734634800000,"close_timestamp":1734688800000,"orders":[{"amount":1.936,"safe_price":100.22,"ft_order_side":"buy","order_filled_timestamp":1734634800000,"ft_is_entry":true,"ft_order_tag":""},{"amount":1.936,"safe_price":90.2,"ft_order_side":"sell","order_filled_timestamp":1734688800000,"ft_is_entry":false,"ft_order_tag":"stop_loss"}]},{"pair":"LTC/USDT:USDT","stake_amount":186.15744,"max_stake_amount":186.15744,"amount":2.052,"open_date":"2024-12-20 11:00:00+00:00","close_date":"2024-12-20 20:00:00+00:00","open_rate":90.72,"close_rate":98.88888444222108,"fee_open":0.0005,"fee_close":0.0005,"trade_duration":540,"profit_ratio":0.08884972194293816,"profit_abs":16.5483068,"exit_reason":"roi","initial_stop_loss_abs":81.65,"initial_stop_loss_ratio":-0.1,"stop_loss_abs":81.65,"stop_loss_ratio":-0.1,"min_rate":86.49,"max_rate":100.82,"is_open":false,"enter_tag":"","leverage":1.0,"is_short":false,"open_timestamp":1734692400000,"close_timestamp":1734724800000,"orders":[{"amount":2.052,"safe_price":90.72,"ft_order_side":"buy","order_filled_timestamp":1734692400000,"ft_is_entry":true,"ft_order_tag":""},{"amount":2.052,"safe_price":98.88888444222108,"ft_order_side":"sell","order_filled_timestamp":1734724800000,"ft_is_entry":false,"ft_order_tag":"roi"}]},{"pair":"ETH/USDT:USDT","stake_amount":189.33992,"max_stake_amount":189.33992,"amount":0.056,"open_date":"2024-12-19 21:00:00+00:00","close_date":"2024-12-21 04:00:00+00:00","open_rate":3381.07,"close_rate":3459.8,"fee_open":0.0005,"fee_close":0.0005,"trade_duration":1860,"profit_ratio":0.02189664147860148,"profit_abs":4.1479813,"exit_reason":"roi","initial_stop_loss_abs":3042.97,"initial_stop_loss_ratio":-0.1,"stop_loss_abs":3042.97,"stop_loss_ratio":-0.1,"min_rate":3100.0,"max_rate":3496.54,"is_open":false,"enter_tag":"","leverage":1.0,"is_short":false,"open_timestamp":1734642000000,"close_timestamp":1734753600000,"orders":[{"amount":0.056,"safe_price":3381.07,"ft_order_side":"buy","order_filled_timestamp":1734642000000,"ft_is_entry":true,"ft_order_tag":""},{"amount":0.056,"safe_price":3459.8,"ft_order_side":"sell","order_filled_timestamp":1734753600000,"ft_is_entry":false,"ft_order_tag":"roi"}]},{"pair":"LTC/USDT:USDT","stake_amount":189.45654,"max_stake_amount":189.45654,"amount":1.911,"open_date":"2024-12-20 21:00:00+00:00","close_date":"2024-12-22 04:00:00+00:00","open_rate":99.14,"close_rate":99.23918959479738,"fee_open":0.0005,"fee_close":0.0005,"trade_duration":1860,"profit_ratio":-0.00033969537944891114,"profit_abs":-0.06438969,"exit_reason":"roi","initial_stop_loss_abs":89.23,"initial_stop_loss_ratio":-0.1,"stop_loss_abs":89.23,"stop_loss_ratio":-0.1,"min_rate":97.68,"max_rate":105.98,"is_open":false,"enter_tag":"","leverage":1.0,"is_short":false,"open_timestamp":1734728400000,"close_timestamp":1734840000000,"orders":[{"amount":1.911,"safe_price":99.14,"ft_order_side":"buy","order_filled_timestamp":1734728400000,"ft_is_entry":true,"ft_order_tag":""},{"amount":1.911,"safe_price":99.23918959479738,"ft_order_side":"sell","order_filled_timestamp":1734840000000,"ft_is_entry":false,"ft_order_tag":"roi"}]},{"pair":"LTC/USDT:USDT","stake_amount":190.2492,"max_stake_amount":190.2492,"amount":1.935,"open_date":"2024-12-22 05:00:00+00:00","close_date":"2024-12-23 12:00:00+00:00","open_rate":98.32,"close_rate":102.17,"fee_open":0.0005,"fee_close":0.0005,"trade_duration":1860,"profit_ratio":0.03771047718435625,"profit_abs":7.17797531,"exit_reason":"roi","initial_stop_loss_abs":88.49,"initial_stop_loss_ratio":-0.1,"stop_loss_abs":88.49,"stop_loss_ratio":-0.1,"min_rate":96.69,"max_rate":105.92,"is_open":false,"enter_tag":"","leverage":1.0,"is_short":false,"open_timestamp":1734843600000,"close_timestamp":1734955200000,"orders":[{"amount":1.935,"safe_price":98.32,"ft_order_side":"buy","order_filled_timestamp":1734843600000,"ft_is_entry":true,"ft_order_tag":""},{"amount":1.935,"safe_price":102.17,"ft_order_side":"sell","order_filled_timestamp":1734955200000,"ft_is_entry":false,"ft_order_tag":"roi"}]},{"pair":"ETH/USDT:USDT","stake_amount":188.02746,"max_stake_amount":188.02746,"amount":0.054,"open_date":"2024-12-21 05:00:00+00:00","close_date":"2024-12-24 15:00:00+00:00","open_rate":3481.99,"close_rate":3485.473731865932,"fee_open":0.0005,"fee_close":0.0005,"trade_duration":4920,"profit_ratio":-0.0008044493113912202,"profit_abs":-0.15133419,"exit_reason":"roi","initial_stop_loss_abs":3133.8,"initial_stop_loss_ratio":-0.1,"stop_loss_abs":3133.8,"stop_loss_ratio":-0.1,"min_rate":3214.81,"max_rate":3553.76,"is_open":false,"enter_tag":"","leverage":1.0,"is_short":false,"open_timestamp":1734757200000,"close_timestamp":1735052400000,"orders":[{"amount":0.054,"safe_price":3481.99,"ft_order_side":"buy","order_filled_timestamp":1734757200000,"ft_is_entry":true,"ft_order_tag":""},{"amount":0.054,"safe_price":3485.473731865932,"ft_order_side":"sell","order_filled_timestamp":1735052400000,"ft_is_entry":false,"ft_order_tag":"roi"}]},{"pair":"LTC/USDT:USDT","stake_amount":191.6424,"max_stake_amount":191.6424,"amount":1.857,"open_date":"2024-12-23 13:00:00+00:00","close_date":"2024-12-24 20:00:00+00:00","open_rate":103.2,"close_rate":107.12,"fee_open":0.0005,"fee_close":0.0005,"trade_duration":1860,"profit_ratio":0.036537500432386405,"profit_abs":7.00563534,"exit_reason":"roi","initial_stop_loss_abs":92.89,"initial_stop_loss_ratio":-0.1,"stop_loss_abs":92.89,"stop_loss_ratio":-0.1,"min_rate":99.41,"max_rate":110.78,"is_open":false,"enter_tag":"","leverage":1.0,"is_short":false,"open_timestamp":1734958800000,"close_timestamp":1735070400000,"orders":[{"amount":1.857,"safe_price":103.2,"ft_order_side":"buy","order_filled_timestamp":1734958800000,"ft_is_entry":true,"ft_order_tag":""},{"amount":1.857,"safe_price":107.12,"ft_order_side":"sell","order_filled_timestamp":1735070400000,"ft_is_entry":false,"ft_order_tag":"roi"}]},{"pair":"ETH/USDT:USDT","stake_amount":188.54532,"max_stake_amount":188.54532,"amount":0.054,"open_date":"2024-12-24 16:00:00+00:00","close_date":"2024-12-25 23:00:00+00:00","open_rate":3491.58,"close_rate":3495.0733266633315,"fee_open":0.0005,"fee_close":0.0005,"trade_duration":1860,"profit_ratio":-0.0001499404743254496,"profit_abs":-0.02828471,"exit_reason":"roi","initial_stop_loss_abs":3142.43,"initial_stop_loss_ratio":-0.1,"stop_loss_abs":3142.43,"stop_loss_ratio":-0.1,"min_rate":3430.0,"max_rate":3547.01,"is_open":false,"enter_tag":"","leverage":1.0,"is_short":false,"open_timestamp":1735056000000,"close_timestamp":1735167600000,"orders":[{"amount":0.054,"safe_price":3491.58,"ft_order_side":"buy","order_filled_timestamp":1735056000000,"ft_is_entry":true,"ft_order_tag":""},{"amount":0.054,"safe_price":3495.0733266633315,"ft_order_side":"sell","order_filled_timestamp":1735167600000,"ft_is_entry":false,"ft_order_tag":"roi"}]},{"pair":"LTC/USDT:USDT","stake_amount":193.032,"max_stake_amount":193.032,"amount":1.8,"open_date":"2024-12-24 21:00:00+00:00","close_date":"2024-12-26 04:00:00+00:00","open_rate":107.24,"close_rate":107.3472936468234,"fee_open":0.0005,"fee_close":0.0005,"trade_duration":1860,"profit_ratio":-0.0003958867990266129,"profit_abs":-0.07645703,"exit_reason":"roi","initial_stop_loss_abs":96.52,"initial_stop_loss_ratio":-0.1,"stop_loss_abs":96.52,"stop_loss_ratio":-0.1,"min_rate":106.88,"max_rate":110.63,"is_open":false,"enter_tag":"","leverage":1.0,"is_short":false,"open_timestamp":1735074000000,"close_timestamp":1735185600000,"orders":[{"amount":1.8,"safe_price":107.24,"ft_order_side":"buy","order_filled_timestamp":1735074000000,"ft_is_entry":true,"ft_order_tag":""},{"amount":1.8,"safe_price":107.3472936468234,"ft_order_side":"sell","order_filled_timestamp":1735185600000,"ft_is_entry":false,"ft_order_tag":"roi"}]},{"pair":"LTC/USDT:USDT","stake_amount":192.98058,"max_stake_amount":192.98058,"amount":1.794,"open_date":"2024-12-26 05:00:00+00:00","close_date":"2024-12-29 22:00:00+00:00","open_rate":107.57,"close_rate":96.82,"fee_open":0.0005,"fee_close":0.0005,"trade_duration":5340,"profit_ratio":-0.10159003443826287,"profit_abs":-19.61470622,"exit_reason":"stop_loss","initial_stop_loss_abs":96.82,"initial_stop_loss_ratio":-0.1,"stop_loss_abs":96.82,"stop_loss_ratio":-0.1,"min_rate":96.72,"max_rate":107.88,"is_open":false,"enter_tag":"","leverage":1.0,"is_short":false,"open_timestamp":1735189200000,"close_timestamp":1735509600000,"orders":[{"amount":1.794,"safe_price":107.57,"ft_order_side":"buy","order_filled_timestamp":1735189200000,"ft_is_entry":true,"ft_order_tag":""},{"amount":1.794,"safe_price":96.82,"ft_order_side":"sell","order_filled_timestamp":1735509600000,"ft_is_entry":false,"ft_order_tag":"stop_loss"}]},{"pair":"LTC/USDT:USDT","stake_amount":189.1694,"max_stake_amount":189.1694,"amount":1.94,"open_date":"2024-12-29 23:00:00+00:00","close_date":"2024-12-31 06:00:00+00:00","open_rate":97.51,"close_rate":98.08,"fee_open":0.0005,"fee_close":0.0005,"trade_duration":1860,"profit_ratio":0.004479255318140831,"profit_abs":0.84776171,"exit_reason":"roi","initial_stop_loss_abs":87.76,"initial_stop_loss_ratio":-0.1,"stop_loss_abs":87.76,"stop_loss_ratio":-0.1,"min_rate":97.21,"max_rate":103.0,"is_open":false,"enter_tag":"","leverage":1.0,"is_short":false,"open_timestamp":1735513200000,"close_timestamp":1735624800000,"orders":[{"amount":1.94,"safe_price":97.51,"ft_order_side":"buy","order_filled_timestamp":1735513200000,"ft_is_entry":true,"ft_order_tag":""},{"amount":1.94,"safe_price":98.08,"ft_order_side":"sell","order_filled_timestamp":1735624800000,"ft_is_entry":false,"ft_order_tag":"roi"}]},{"pair":"LTC/USDT:USDT","stake_amount":189.3258,"max_stake_amount":189.3258,"amount":1.926,"open_date":"2024-12-31 07:00:00+00:00","close_date":"2025-01-01 14:00:00+00:00","open_rate":98.3,"close_rate":103.59,"fee_open":0.0005,"fee_close":0.0005,"trade_duration":1860,"profit_ratio":0.05239222155865612,"profit_abs":9.92415886,"exit_reason":"roi","initial_stop_loss_abs":88.47,"initial_stop_loss_ratio":-0.1,"stop_loss_abs":88.47,"stop_loss_ratio":-0.1,"min_rate":98.23,"max_rate":105.79,"is_open":false,"enter_tag":"","leverage":1.0,"is_short":false,"open_timestamp":1735628400000,"close_timestamp":1735740000000,"orders":[{"amount":1.926,"safe_price":98.3,"ft_order_side":"buy","order_filled_timestamp":1735628400000,"ft_is_entry":true,"ft_order_tag":""},{"amount":1.926,"safe_price":103.59,"ft_order_side":"sell","order_filled_timestamp":1735740000000,"ft_is_entry":false,"ft_order_tag":"roi"}]},{"pair":"ETH/USDT:USDT","stake_amount":192.26515,"max_stake_amount":192.26515,"amount":0.055,"open_date":"2024-12-26 00:00:00+00:00","close_date":"2025-01-02 14:00:00+00:00","open_rate":3495.73,"close_rate":3499.2274787393694,"fee_open":0.0005,"fee_close":0.0005,"trade_duration":10920,"profit_ratio":-0.002009079607011453,"profit_abs":-0.38646913,"exit_reason":"roi","initial_stop_loss_abs":3146.16,"initial_stop_loss_ratio":-0.1,"stop_loss_abs":3146.16,"stop_loss_ratio":-0.1,"min_rate":3302.2,"max_rate":3514.32,"is_open":false,"enter_tag":"","leverage":1.0,"is_short":false,"open_timestamp":1735171200000,"close_timestamp":1735826400000,"orders":[{"amount":0.055,"safe_price":3495.73,"ft_order_side":"buy","order_filled_timestamp":1735171200000,"ft_is_entry":true,"ft_order_tag":""},{"amount":0.055,"safe_price":3499.2274787393694,"ft_order_side":"sell","order_filled_timestamp":1735826400000,"ft_is_entry":false,"ft_order_tag":"roi"}]},{"pair":"LTC/USDT:USDT","stake_amount":191.2869,"max_stake_amount":191.2869,"amount":1.827,"open_date":"2025-01-01 15:00:00+00:00","close_date":"2025-01-02 22:00:00+00:00","open_rate":104.7,"close_rate":104.84,"fee_open":0.0005,"fee_close":0.0005,"trade_duration":1860,"profit_ratio":-6.68583966402501e-05,"profit_abs":-0.01279553,"exit_reason":"roi","initial_stop_loss_abs":94.23,"initial_stop_loss_ratio":-0.1,"stop_loss_abs":94.23,"stop_loss_ratio":-0.1,"min_rate":103.6,"max_rate":108.67,"is_open":false,"enter_tag":"","leverage":1.0,"is_short":false,"open_timestamp":1735743600000,"close_timestamp":1735855200000,"orders":[{"amount":1.827,"safe_price":104.7,"ft_order_side":"buy","order_filled_timestamp":1735743600000,"ft_is_entry":true,"ft_order_tag":""},{"amount":1.827,"safe_price":104.84,"ft_order_side":"sell","order_filled_timestamp":1735855200000,"ft_is_entry":false,"ft_order_tag":"roi"}]},{"pair":"ETH/USDT:USDT","stake_amount":188.69922,"max_stake_amount":188.69922,"amount":0.054,"open_date":"2025-01-02 15:00:00+00:00","close_date":"2025-01-03 22:00:00+00:00","open_rate":3494.43,"close_rate":3609.21,"fee_open":0.0005,"fee_close":0.0005,"trade_duration":1860,"profit_ratio":0.031416226104799695,"profit_abs":5.93118147,"exit_reason":"roi","initial_stop_loss_abs":3144.99,"initial_stop_loss_ratio":-0.1,"stop_loss_abs":3144.99,"stop_loss_ratio":-0.1,"min_rate":3420.0,"max_rate":3630.0,"is_open":false,"enter_tag":"","leverage":1.0,"is_short":false,"open_timestamp":1735830000000,"close_timestamp":1735941600000,"orders":[{"amount":0.054,"safe_price":3494.43,"ft_order_side":"buy","order_filled_timestamp":1735830000000,"ft_is_entry":true,"ft_order_tag":""},{"amount":0.054,"safe_price":3609.21,"ft_order_side":"sell","order_filled_timestamp":1735941600000,"ft_is_entry":false,"ft_order_tag":"roi"}]},{"pair":"LTC/USDT:USDT","stake_amount":191.18848,"max_stake_amount":191.18848,"amount":1.816,"open_date":"2025-01-02 23:00:00+00:00","close_date":"2025-01-03 22:00:00+00:00","open_rate":105.28,"close_rate":114.759939969985,"fee_open":0.0005,"fee_close":0.0005,"trade_duration":1380,"profit_ratio":0.08865266717773566,"profit_abs":16.95784337,"exit_reason":"roi","initial_stop_loss_abs":94.76,"initial_stop_loss_ratio":-0.1,"stop_loss_abs":94.76,"stop_loss_ratio":-0.1,"min_rate":104.06,"max_rate":114.84,"is_open":false,"enter_tag":"","leverage":1.0,"is_short":false,"open_timestamp":1735858800000,"close_timestamp":1735941600000,"orders":[{"amount":1.816,"safe_price":105.28,"ft_order_side":"buy","order_filled_timestamp":1735858800000,"ft_is_entry":true,"ft_order_tag":""},{"amount":1.816,"safe_price":114.759939969985,"ft_order_side":"sell","order_filled_timestamp":1735941600000,"ft_is_entry":false,"ft_order_tag":"roi"}]},{"pair":"ETH/USDT:USDT","stake_amount":195.21702,"max_stake_amount":195.21702,"amount":0.054,"open_date":"2025-01-03 23:00:00+00:00","close_date":"2025-01-05 06:00:00+00:00","open_rate":3615.13,"close_rate":3626.83,"fee_open":0.0005,"fee_close":0.0005,"trade_duration":1860,"profit_ratio":0.0018337742171813938,"profit_abs":0.35816293,"exit_reason":"roi","initial_stop_loss_abs":3253.62,"initial_stop_loss_ratio":-0.1,"stop_loss_abs":3253.62,"stop_loss_ratio":-0.1,"min_rate":3570.66,"max_rate":3674.71,"is_open":false,"enter_tag":"","leverage":1.0,"is_short":false,"open_timestamp":1735945200000,"close_timestamp":1736056800000,"orders":[{"amount":0.054,"safe_price":3615.13,"ft_order_side":"buy","order_filled_timestamp":1735945200000,"ft_is_entry":true,"ft_order_tag":""},{"amount":0.054,"safe_price":3626.83,"ft_order_side":"sell","order_filled_timestamp":1736056800000,"ft_is_entry":false,"ft_order_tag":"roi"}]},{"pair":"LTC/USDT:USDT","stake_amount":195.73575,"max_stake_amount":195.73575,"amount":1.725,"open_date":"2025-01-03 23:00:00+00:00","close_date":"2025-01-05 20:00:00+00:00","open_rate":113.47,"close_rate":113.58352676338167,"fee_open":0.0005,"fee_close":0.0005,"trade_duration":2700,"profit_ratio":-0.0005906358737335358,"profit_abs":-0.11566636,"exit_reason":"roi","initial_stop_loss_abs":102.13,"initial_stop_loss_ratio":-0.1,"stop_loss_abs":102.13,"stop_loss_ratio":-0.1,"min_rate":110.01,"max_rate":114.17,"is_open":false,"enter_tag":"","leverage":1.0,"is_short":false,"open_timestamp":1735945200000,"close_timestamp":1736107200000,"orders":[{"amount":1.725,"safe_price":113.47,"ft_order_side":"buy","order_filled_timestamp":1735945200000,"ft_is_entry":true,"ft_order_tag":""},{"amount":1.725,"safe_price":113.58352676338167,"ft_order_side":"sell","order_filled_timestamp":1736107200000,"ft_is_entry":false,"ft_order_tag":"roi"}]},{"pair":"ETH/USDT:USDT","stake_amount":192.78962,"max_stake_amount":192.78962,"amount":0.053,"open_date":"2025-01-05 07:00:00+00:00","close_date":"2025-01-06 14:00:00+00:00","open_rate":3637.54,"close_rate":3641.1793596798398,"fee_open":0.0005,"fee_close":0.0005,"trade_duration":1860,"profit_ratio":-0.0003996089611573224,"profit_abs":-0.07707898,"exit_reason":"roi","initial_stop_loss_abs":3273.79,"initial_stop_loss_ratio":-0.1,"stop_loss_abs":3273.79,"stop_loss_ratio":-0.1,"min_rate":3592.14,"max_rate":3704.53,"is_open":false,"enter_tag":"","leverage":1.0,"is_short":false,"open_timestamp":1736060400000,"close_timestamp":1736172000000,"orders":[{"amount":0.053,"safe_price":3637.54,"ft_order_side":"buy","order_filled_timestamp":1736060400000,"ft_is_entry":true,"ft_order_tag":""},{"amount":0.053,"safe_price":3641.1793596798398,"ft_order_side":"sell","order_filled_timestamp":1736172000000,"ft_is_entry":false,"ft_order_tag":"roi"}]},{"pair":"LTC/USDT:USDT","stake_amount":195.72502,"max_stake_amount":195.72502,"amount":1.733,"open_date":"2025-01-05 21:00:00+00:00","close_date":"2025-01-07 04:00:00+00:00","open_rate":112.94,"close_rate":113.0529964982491,"fee_open":0.0005,"fee_close":0.0005,"trade_duration":1860,"profit_ratio":-0.000404957423685919,"profit_abs":-0.07929993,"exit_reason":"roi","initial_stop_loss_abs":101.65,"initial_stop_loss_ratio":-0.1,"stop_loss_abs":101.65,"stop_loss_ratio":-0.1,"min_rate":111.6,"max_rate":117.39,"is_open":false,"enter_tag":"","leverage":1.0,"is_short":false,"open_timestamp":1736110800000,"close_timestamp":1736222400000,"orders":[{"amount":1.733,"safe_price":112.94,"ft_order_side":"buy","order_filled_timestamp":1736110800000,"ft_is_entry":true,"ft_order_tag":""},{"amount":1.733,"safe_price":113.0529964982491,"ft_order_side":"sell","order_filled_timestamp":1736222400000,"ft_is_entry":false,"ft_order_tag":"roi"}]},{"pair":"ETH/USDT:USDT","stake_amount":195.2785,"max_stake_amount":195.2785,"amount":0.053,"open_date":"2025-01-06 15:00:00+00:00","close_date":"2025-01-08 06:00:00+00:00","open_rate":3684.5,"close_rate":3316.05,"fee_open":0.0005,"fee_close":0.0005,"trade_duration":2340,"profit_ratio":-0.10138218830629289,"profit_abs":-19.80766054,"exit_reason":"stop_loss","initial_stop_loss_abs":3316.05,"initial_stop_loss_ratio":-0.1,"stop_loss_abs":3316.05,"stop_loss_ratio":-0.1,"min_rate":3306.01,"max_rate":3744.28,"is_open":false,"enter_tag":"","leverage":1.0,"is_short":false,"open_timestamp":1736175600000,"close_timestamp":1736316000000,"orders":[{"amount":0.053,"safe_price":3684.5,"ft_order_side":"buy","order_filled_timestamp":1736175600000,"ft_is_entry":true,"ft_order_tag":""},{"amount":0.053,"safe_price":3316.05,"ft_order_side":"sell","order_filled_timestamp":1736316000000,"ft_is_entry":false,"ft_order_tag":"stop_loss"}]},{"pair":"LTC/USDT:USDT","stake_amount":195.7848,"max_stake_amount":195.7848,"amount":1.74,"open_date":"2025-01-07 05:00:00+00:00","close_date":"2025-01-08 06:00:00+00:00","open_rate":112.52,"close_rate":101.27,"fee_open":0.0005,"fee_close":0.0005,"trade_duration":1500,"profit_ratio":-0.10110503770061514,"profit_abs":-19.804727,"exit_reason":"stop_loss","initial_stop_loss_abs":101.27,"initial_stop_loss_ratio":-0.1,"stop_loss_abs":101.27,"stop_loss_ratio":-0.1,"min_rate":100.57,"max_rate":114.3,"is_open":false,"enter_tag":"","leverage":1.0,"is_short":false,"open_timestamp":1736226000000,"close_timestamp":1736316000000,"orders":[{"amount":1.74,"safe_price":112.52,"ft_order_side":"buy","order_filled_timestamp":1736226000000,"ft_is_entry":true,"ft_order_tag":""},{"amount":1.74,"safe_price":101.27,"ft_order_side":"sell","order_filled_timestamp":1736316000000,"ft_is_entry":false,"ft_order_tag":"stop_loss"}]},{"pair":"LTC/USDT:USDT","stake_amount":187.88344,"max_stake_amount":187.88344,"amount":1.868,"open_date":"2025-01-08 07:00:00+00:00","close_date":"2025-01-09 14:00:00+00:00","open_rate":100.58,"close_rate":100.68063031515756,"fee_open":0.0005,"fee_close":0.0005,"trade_duration":1860,"profit_ratio":-0.0003407481762641501,"profit_abs":-0.06405295,"exit_reason":"roi","initial_stop_loss_abs":90.53,"initial_stop_loss_ratio":-0.1,"stop_loss_abs":90.53,"stop_loss_ratio":-0.1,"min_rate":97.13,"max_rate":104.21,"is_open":false,"enter_tag":"","leverage":1.0,"is_short":false,"open_timestamp":1736319600000,"close_timestamp":1736431200000,"orders":[{"amount":1.868,"safe_price":100.58,"ft_order_side":"buy","order_filled_timestamp":1736319600000,"ft_is_entry":true,"ft_order_tag":""},{"amount":1.868,"safe_price":100.68063031515756,"ft_order_side":"sell","order_filled_timestamp":1736431200000,"ft_is_entry":false,"ft_order_tag":"roi"}]},{"pair":"ETH/USDT:USDT","stake_amount":185.22616,"max_stake_amount":185.22616,"amount":0.056,"open_date":"2025-01-08 07:00:00+00:00","close_date":"2025-01-09 15:00:00+00:00","open_rate":3307.61,"close_rate":3310.919264632316,"fee_open":0.0005,"fee_close":0.0005,"trade_duration":1920,"profit_ratio":-0.0003682259431457703,"profit_abs":-0.06823918,"exit_reason":"roi","initial_stop_loss_abs":2976.85,"initial_stop_loss_ratio":-0.1,"stop_loss_abs":2976.85,"stop_loss_ratio":-0.1,"min_rate":3206.54,"max_rate":3384.9,"is_open":false,"enter_tag":"","leverage":1.0,"is_short":false,"open_timestamp":1736319600000,"close_timestamp":1736434800000,"orders":[{"amount":0.056,"safe_price":3307.61,"ft_order_side":"buy","order_filled_timestamp":1736319600000,"ft_is_entry":true,"ft_order_tag":""},{"amount":0.056,"safe_price":3310.919264632316,"ft_order_side":"sell","order_filled_timestamp":1736434800000,"ft_is_entry":false,"ft_order_tag":"roi"}]},{"pair":"LTC/USDT:USDT","stake_amount":187.8673,"max_stake_amount":187.8673,"amount":1.835,"open_date":"2025-01-09 15:00:00+00:00","close_date":"2025-01-10 22:00:00+00:00","open_rate":102.38,"close_rate":104.43,"fee_open":0.0005,"fee_close":0.0005,"trade_duration":1860,"profit_ratio":0.01861065317603591,"profit_abs":3.49808133,"exit_reason":"roi","initial_stop_loss_abs":92.15,"initial_stop_loss_ratio":-0.1,"stop_loss_abs":92.15,"stop_loss_ratio":-0.1,"min_rate":100.5,"max_rate":106.24,"is_open":false,"enter_tag":"","leverage":1.0,"is_short":false,"open_timestamp":1736434800000,"close_timestamp":1736546400000,"orders":[{"amount":1.835,"safe_price":102.38,"ft_order_side":"buy","order_filled_timestamp":1736434800000,"ft_is_entry":true,"ft_order_tag":""},{"amount":1.835,"safe_price":104.43,"ft_order_side":"sell","order_filled_timestamp":1736546400000,"ft_is_entry":false,"ft_order_tag":"roi"}]},{"pair":"ETH/USDT:USDT","stake_amount":185.8528,"max_stake_amount":185.8528,"amount":0.056,"open_date":"2025-01-09 16:00:00+00:00","close_date":"2025-01-13 00:00:00+00:00","open_rate":3318.8,"close_rate":3322.120460230115,"fee_open":0.0005,"fee_close":0.0005,"trade_duration":4800,"profit_ratio":-0.0009263572405501651,"profit_abs":-0.17225217,"exit_reason":"roi","initial_stop_loss_abs":2986.92,"initial_stop_loss_ratio":-0.1,"stop_loss_abs":2986.92,"stop_loss_ratio":-0.1,"min_rate":3156.0,"max_rate":3338.32,"is_open":false,"enter_tag":"","leverage":1.0,"is_short":false,"open_timestamp":1736438400000,"close_timestamp":1736726400000,"orders":[{"amount":0.056,"safe_price":3318.8,"ft_order_side":"buy","order_filled_timestamp":1736438400000,"ft_is_entry":true,"ft_order_tag":""},{"amount":0.056,"safe_price":3322.120460230115,"ft_order_side":"sell","order_filled_timestamp":1736726400000,"ft_is_entry":false,"ft_order_tag":"roi"}]},{"pair":"LTC/USDT:USDT","stake_amount":188.51721,"max_stake_amount":188.51721,"amount":1.799,"open_date":"2025-01-10 23:00:00+00:00","close_date":"2025-01-13 11:00:00+00:00","open_rate":104.79,"close_rate":94.32,"fee_open":0.0005,"fee_close":0.0005,"trade_duration":3600,"profit_ratio":-0.10092714632250822,"profit_abs":-19.03601729,"exit_reason":"stop_loss","initial_stop_loss_abs":94.32,"initial_stop_loss_ratio":-0.1,"stop_loss_abs":94.32,"stop_loss_ratio":-0.1,"min_rate":93.87,"max_rate":105.23,"is_open":false,"enter_tag":"","leverage":1.0,"is_short":false,"open_timestamp":1736550000000,"close_timestamp":1736766000000,"orders":[{"amount":1.799,"safe_price":104.79,"ft_order_side":"buy","order_filled_timestamp":1736550000000,"ft_is_entry":true,"ft_order_tag":""},{"amount":1.799,"safe_price":94.32,"ft_order_side":"sell","order_filled_timestamp":1736766000000,"ft_is_entry":false,"ft_order_tag":"stop_loss"}]},{"pair":"ETH/USDT:USDT","stake_amount":187.7663,"max_stake_amount":187.7663,"amount":0.058,"open_date":"2025-01-13 05:00:00+00:00","close_date":"2025-01-13 14:00:00+00:00","open_rate":3237.35,"close_rate":2913.62,"fee_open":0.0005,"fee_close":0.0005,"trade_duration":540,"profit_ratio":-0.10099042762484392,"profit_abs":-18.97208023,"exit_reason":"stop_loss","initial_stop_loss_abs":2913.62,"initial_stop_loss_ratio":-0.1,"stop_loss_abs":2913.62,"stop_loss_ratio":-0.1,"min_rate":2900.0,"max_rate":3237.8,"is_open":false,"enter_tag":"","leverage":1.0,"is_short":false,"open_timestamp":1736744400000,"close_timestamp":1736776800000,"orders":[{"amount":0.058,"safe_price":3237.35,"ft_order_side":"buy","order_filled_timestamp":1736744400000,"ft_is_entry":true,"ft_order_tag":""},{"amount":0.058,"safe_price":2913.62,"ft_order_side":"sell","order_filled_timestamp":1736776800000,"ft_is_entry":false,"ft_order_tag":"stop_loss"}]},{"pair":"LTC/USDT:USDT","stake_amount":184.76031,"max_stake_amount":184.76031,"amount":1.967,"open_date":"2025-01-13 12:00:00+00:00","close_date":"2025-01-14 19:00:00+00:00","open_rate":93.93,"close_rate":100.87,"fee_open":0.0005,"fee_close":0.0005,"trade_duration":1860,"profit_ratio":0.07278965607001771,"profit_abs":13.45536374,"exit_reason":"roi","initial_stop_loss_abs":84.54,"initial_stop_loss_ratio":-0.1,"stop_loss_abs":84.54,"stop_loss_ratio":-0.1,"min_rate":92.12,"max_rate":101.83,"is_open":false,"enter_tag":"","leverage":1.0,"is_short":false,"open_timestamp":1736769600000,"close_timestamp":1736881200000,"orders":[{"amount":1.967,"safe_price":93.93,"ft_order_side":"buy","order_filled_timestamp":1736769600000,"ft_is_entry":true,"ft_order_tag":""},{"amount":1.967,"safe_price":100.87,"ft_order_side":"sell","order_filled_timestamp":1736881200000,"ft_is_entry":false,"ft_order_tag":"roi"}]},{"pair":"ETH/USDT:USDT","stake_amount":178.9883,"max_stake_amount":178.9883,"amount":0.059,"open_date":"2025-01-13 15:00:00+00:00","close_date":"2025-01-14 22:00:00+00:00","open_rate":3033.7,"close_rate":3212.12,"fee_open":0.0005,"fee_close":0.0005,"trade_duration":1860,"profit_ratio":0.057505831579397974,"profit_abs":10.29801747,"exit_reason":"roi","initial_stop_loss_abs":2730.33,"initial_stop_loss_ratio":-0.1,"stop_loss_abs":2730.33,"stop_loss_ratio":-0.1,"min_rate":2985.0,"max_rate":3255.84,"is_open":false,"enter_tag":"","leverage":1.0,"is_short":false,"open_timestamp":1736780400000,"close_timestamp":1736892000000,"orders":[{"amount":0.059,"safe_price":3033.7,"ft_order_side":"buy","order_filled_timestamp":1736780400000,"ft_is_entry":true,"ft_order_tag":""},{"amount":0.059,"safe_price":3212.12,"ft_order_side":"sell","order_filled_timestamp":1736892000000,"ft_is_entry":false,"ft_order_tag":"roi"}]},{"pair":"LTC/USDT:USDT","stake_amount":183.6969,"max_stake_amount":183.6969,"amount":1.81,"open_date":"2025-01-14 20:00:00+00:00","close_date":"2025-01-15 22:00:00+00:00","open_rate":101.49,"close_rate":110.62866933466732,"fee_open":0.0005,"fee_close":0.0005,"trade_duration":1560,"profit_ratio":0.08865454222532412,"profit_abs":16.29370736,"exit_reason":"roi","initial_stop_loss_abs":91.35,"initial_stop_loss_ratio":-0.1,"stop_loss_abs":91.35,"stop_loss_ratio":-0.1,"min_rate":100.71,"max_rate":114.96,"is_open":false,"enter_tag":"","leverage":1.0,"is_short":false,"open_timestamp":1736884800000,"close_timestamp":1736978400000,"orders":[{"amount":1.81,"safe_price":101.49,"ft_order_side":"buy","order_filled_timestamp":1736884800000,"ft_is_entry":true,"ft_order_tag":""},{"amount":1.81,"safe_price":110.62866933466732,"ft_order_side":"sell","order_filled_timestamp":1736978400000,"ft_is_entry":false,"ft_order_tag":"roi"}]},{"pair":"ETH/USDT:USDT","stake_amount":184.3266,"max_stake_amount":184.3266,"amount":0.057,"open_date":"2025-01-14 23:00:00+00:00","close_date":"2025-01-16 06:00:00+00:00","open_rate":3233.8,"close_rate":3361.61,"fee_open":0.0005,"fee_close":0.0005,"trade_duration":1860,"profit_ratio":0.038217421177121624,"profit_abs":7.04800955,"exit_reason":"roi","initial_stop_loss_abs":2910.42,"initial_stop_loss_ratio":-0.1,"stop_loss_abs":2910.42,"stop_loss_ratio":-0.1,"min_rate":3185.09,"max_rate":3472.93,"is_open":false,"enter_tag":"","leverage":1.0,"is_short":false,"open_timestamp":1736895600000,"close_timestamp":1737007200000,"orders":[{"amount":0.057,"safe_price":3233.8,"ft_order_side":"buy","order_filled_timestamp":1736895600000,"ft_is_entry":true,"ft_order_tag":""},{"amount":0.057,"safe_price":3361.61,"ft_order_side":"sell","order_filled_timestamp":1737007200000,"ft_is_entry":false,"ft_order_tag":"roi"}]},{"pair":"LTC/USDT:USDT","stake_amount":188.96669,"max_stake_amount":188.96669,"amount":1.663,"open_date":"2025-01-15 23:00:00+00:00","close_date":"2025-01-16 15:00:00+00:00","open_rate":113.63,"close_rate":123.86181590795395,"fee_open":0.0005,"fee_close":0.0005,"trade_duration":960,"profit_ratio":0.08874777783898559,"profit_abs":16.77875901,"exit_reason":"roi","initial_stop_loss_abs":102.27,"initial_stop_loss_ratio":-0.1,"stop_loss_abs":102.27,"stop_loss_ratio":-0.1,"min_rate":112.27,"max_rate":127.1,"is_open":false,"enter_tag":"","leverage":1.0,"is_short":false,"open_timestamp":1736982000000,"close_timestamp":1737039600000,"orders":[{"amount":1.663,"safe_price":113.63,"ft_order_side":"buy","order_filled_timestamp":1736982000000,"ft_is_entry":true,"ft_order_tag":""},{"amount":1.663,"safe_price":123.86181590795395,"ft_order_side":"sell","order_filled_timestamp":1737039600000,"ft_is_entry":false,"ft_order_tag":"roi"}]},{"pair":"LTC/USDT:USDT","stake_amount":193.5909,"max_stake_amount":193.5909,"amount":1.53,"open_date":"2025-01-16 16:00:00+00:00","close_date":"2025-01-17 05:00:00+00:00","open_rate":126.53,"close_rate":137.92339669834917,"fee_open":0.0005,"fee_close":0.0005,"trade_duration":780,"profit_ratio":0.08875739163532909,"profit_abs":17.19121464,"exit_reason":"roi","initial_stop_loss_abs":113.88,"initial_stop_loss_ratio":-0.1,"stop_loss_abs":113.88,"stop_loss_ratio":-0.1,"min_rate":122.42,"max_rate":140.89,"is_open":false,"enter_tag":"","leverage":1.0,"is_short":false,"open_timestamp":1737043200000,"close_timestamp":1737090000000,"orders":[{"amount":1.53,"safe_price":126.53,"ft_order_side":"buy","order_filled_timestamp":1737043200000,"ft_is_entry":true,"ft_order_tag":""},{"amount":1.53,"safe_price":137.92339669834917,"ft_order_side":"sell","order_filled_timestamp":1737090000000,"ft_is_entry":false,"ft_order_tag":"roi"}]},{"pair":"ETH/USDT:USDT","stake_amount":189.21952,"max_stake_amount":189.21952,"amount":0.056,"open_date":"2025-01-16 07:00:00+00:00","close_date":"2025-01-17 14:00:00+00:00","open_rate":3378.92,"close_rate":3400.64,"fee_open":0.0005,"fee_close":0.0005,"trade_duration":1860,"profit_ratio":0.005089457090294685,"profit_abs":0.96350614,"exit_reason":"roi","initial_stop_loss_abs":3041.03,"initial_stop_loss_ratio":-0.1,"stop_loss_abs":3041.03,"stop_loss_ratio":-0.1,"min_rate":3263.06,"max_rate":3438.23,"is_open":false,"enter_tag":"","leverage":1.0,"is_short":false,"open_timestamp":1737010800000,"close_timestamp":1737122400000,"orders":[{"amount":0.056,"safe_price":3378.92,"ft_order_side":"buy","order_filled_timestamp":1737010800000,"ft_is_entry":true,"ft_order_tag":""},{"amount":0.056,"safe_price":3400.64,"ft_order_side":"sell","order_filled_timestamp":1737122400000,"ft_is_entry":false,"ft_order_tag":"roi"}]},{"pair":"LTC/USDT:USDT","stake_amount":197.06076,"max_stake_amount":197.06076,"amount":1.422,"open_date":"2025-01-17 06:00:00+00:00","close_date":"2025-01-18 05:00:00+00:00","open_rate":138.58,"close_rate":124.73,"fee_open":0.0005,"fee_close":0.0005,"trade_duration":1380,"profit_ratio":-0.10113744542074467,"profit_abs":-19.94018697,"exit_reason":"stop_loss","initial_stop_loss_abs":124.73,"initial_stop_loss_ratio":-0.1,"stop_loss_abs":124.73,"stop_loss_ratio":-0.1,"min_rate":124.16,"max_rate":141.25,"is_open":false,"enter_tag":"","leverage":1.0,"is_short":false,"open_timestamp":1737093600000,"close_timestamp":1737176400000,"orders":[{"amount":1.422,"safe_price":138.58,"ft_order_side":"buy","order_filled_timestamp":1737093600000,"ft_is_entry":true,"ft_order_tag":""},{"amount":1.422,"safe_price":124.73,"ft_order_side":"sell","order_filled_timestamp":1737176400000,"ft_is_entry":false,"ft_order_tag":"stop_loss"}]},{"pair":"ETH/USDT:USDT","stake_amount":195.37206,"max_stake_amount":195.37206,"amount":0.057,"open_date":"2025-01-17 15:00:00+00:00","close_date":"2025-01-18 08:00:00+00:00","open_rate":3427.58,"close_rate":3286.42,"fee_open":0.0005,"fee_close":0.0005,"trade_duration":1020,"profit_ratio":-0.042342910798736665,"profit_abs":-8.27675802,"exit_reason":"force_exit","initial_stop_loss_abs":3084.83,"initial_stop_loss_ratio":-0.1,"stop_loss_abs":3084.83,"stop_loss_ratio":-0.1,"min_rate":3250.3,"max_rate":3524.85,"is_open":false,"enter_tag":"","leverage":1.0,"is_short":false,"open_timestamp":1737126000000,"close_timestamp":1737187200000,"orders":[{"amount":0.057,"safe_price":3427.58,"ft_order_side":"buy","order_filled_timestamp":1737126000000,"ft_is_entry":true,"ft_order_tag":""},{"amount":0.057,"safe_price":3286.42,"ft_order_side":"sell","order_filled_timestamp":1737187200000,"ft_is_entry":false,"ft_order_tag":"force_exit"}]},{"pair":"LTC/USDT:USDT","stake_amount":193.30191,"max_stake_amount":193.30191,"amount":1.553,"open_date":"2025-01-18 06:00:00+00:00","close_date":"2025-01-18 08:00:00+00:00","open_rate":124.47,"close_rate":125.22,"fee_open":0.0005,"fee_close":0.0005,"trade_duration":120,"profit_ratio":0.005020025563819481,"profit_abs":0.97086572,"exit_reason":"force_exit","initial_stop_loss_abs":112.03,"initial_stop_loss_ratio":-0.1,"stop_loss_abs":112.03,"stop_loss_ratio":-0.1,"min_rate":123.33,"max_rate":127.98,"is_open":false,"enter_tag":"","leverage":1.0,"is_short":false,"open_timestamp":1737180000000,"close_timestamp":1737187200000,"orders":[{"amount":1.553,"safe_price":124.47,"ft_order_side":"buy","order_filled_timestamp":1737180000000,"ft_is_entry":true,"ft_order_tag":""},{"amount":1.553,"safe_price":125.22,"ft_order_side":"sell","order_filled_timestamp":1737187200000,"ft_is_entry":false,"ft_order_tag":"force_exit"}]}],"locks":[],"best_pair":{"key":"LTC/USDT:USDT","trades":24,"profit_mean":0.002594754798113457,"profit_mean_pct":0.26,"profit_sum":0.062274115154722975,"profit_sum_pct":6.23,"profit_total_abs":8.22756599000001,"profit_total":0.00822756599000001,"profit_total_pct":0.82,"duration_avg":"1 day, 4:55:00","wins":12,"draws":0,"losses":12,"winrate":0.5},"worst_pair":{"key":"ETH/USDT:USDT","trades":16,"profit_mean":-0.012149061770676976,"profit_mean_pct":-1.21,"profit_sum":-0.19438498833083162,"profit_sum_pct":-19.44,"profit_total_abs":-39.034213539999996,"profit_total":-0.039034213539999994,"profit_total_pct":-3.9,"duration_avg":"1 day, 19:38:00","wins":6,"draws":0,"losses":10,"winrate":0.375},"results_per_pair":[{"key":"LTC/USDT:USDT","trades":24,"profit_mean":0.002594754798113457,"profit_mean_pct":0.26,"profit_sum":0.062274115154722975,"profit_sum_pct":6.23,"profit_total_abs":8.22756599000001,"profit_total":0.00822756599000001,"profit_total_pct":0.82,"duration_avg":"1 day, 4:55:00","wins":12,"draws":0,"losses":12,"winrate":0.5},{"key":"ETH/USDT:USDT","trades":16,"profit_mean":-0.012149061770676976,"profit_mean_pct":-1.21,"profit_sum":-0.19438498833083162,"profit_sum_pct":-19.44,"profit_total_abs":-39.034213539999996,"profit_total":-0.039034213539999994,"profit_total_pct":-3.9,"duration_avg":"1 day, 19:38:00","wins":6,"draws":0,"losses":10,"winrate":0.375},{"key":"TOTAL","trades":40,"profit_mean":-0.0033027718294027174,"profit_mean_pct":-0.33,"profit_sum":-0.1321108731761087,"profit_sum_pct":-13.21,"profit_total_abs":-30.806647550000005,"profit_total":-0.030806647550000003,"profit_total_pct":-3.08,"duration_avg":"1 day, 10:48:00","wins":18,"draws":0,"losses":22,"winrate":0.45}],"results_per_enter_tag":[{"key":"","trades":40,"profit_mean":-0.0033027718294027174,"profit_mean_pct":-0.33,"profit_sum":-0.1321108731761087,"profit_sum_pct":-13.21,"profit_total_abs":-30.806647550000005,"profit_total":-0.030806647550000003,"profit_total_pct":-3.08,"duration_avg":"1 day, 10:48:00","wins":18,"draws":0,"losses":22,"winrate":0.45},{"key":"TOTAL","trades":40,"profit_mean":-0.0033027718294027174,"profit_mean_pct":-0.33,"profit_sum":-0.1321108731761087,"profit_sum_pct":-13.21,"profit_total_abs":-30.806647550000005,"profit_total":-0.030806647550000003,"profit_total_pct":-3.08,"duration_avg":"1 day, 10:48:00","wins":18,"draws":0,"losses":22,"winrate":0.45}],"exit_reason_summary":[{"key":"roi","trades":29,"profit_mean":0.02811533698692834,"profit_mean_pct":2.81,"profit_sum":0.8153447726209219,"profit_sum_pct":81.53,"profit_total_abs":153.12934647999998,"profit_total":0.15312934647999998,"profit_total_pct":15.31,"duration_avg":"1 day, 13:50:00","wins":17,"draws":0,"losses":12,"winrate":0.5862068965517241},{"key":"force_exit","trades":2,"profit_mean":-0.01866144261745859,"profit_mean_pct":-1.87,"profit_sum":-0.03732288523491718,"profit_sum_pct":-3.73,"profit_total_abs":-7.305892300000001,"profit_total":-0.007305892300000001,"profit_total_pct":-0.73,"duration_avg":"9:30:00","wins":1,"draws":0,"losses":1,"winrate":0.5},{"key":"stop_loss","trades":9,"profit_mean":-0.10112586228467928,"profit_mean_pct":-10.11,"profit_sum":-0.9101327605621135,"profit_sum_pct":-91.01,"profit_total_abs":-176.63010172999998,"profit_total":-0.17663010173,"profit_total_pct":-17.66,"duration_avg":"1 day, 6:40:00","wins":0,"draws":0,"losses":9,"winrate":0.0},{"key":"TOTAL","trades":40,"profit_mean":-0.0033027718294027174,"profit_mean_pct":-0.33,"profit_sum":-0.1321108731761087,"profit_sum_pct":-13.21,"profit_total_abs":-30.806647550000005,"profit_total":-0.030806647550000003,"profit_total_pct":-3.08,"duration_avg":"1 day, 10:48:00","wins":18,"draws":0,"losses":22,"winrate":0.45}],"mix_tag_stats":[{"key":["","roi"],"trades":29,"profit_mean":0.02811533698692834,"profit_mean_pct":2.81,"profit_sum":0.8153447726209219,"profit_sum_pct":81.53,"profit_total_abs":153.12934647999998,"profit_total":0.15312934647999998,"profit_total_pct":15.31,"duration_avg":"1 day, 13:50:00","wins":17,"draws":0,"losses":12,"winrate":0.5862068965517241},{"key":["","force_exit"],"trades":2,"profit_mean":-0.01866144261745859,"profit_mean_pct":-1.87,"profit_sum":-0.03732288523491718,"profit_sum_pct":-3.73,"profit_total_abs":-7.305892300000001,"profit_total":-0.007305892300000001,"profit_total_pct":-0.73,"duration_avg":"9:30:00","wins":1,"draws":0,"losses":1,"winrate":0.5},{"key":["","stop_loss"],"trades":9,"profit_mean":-0.10112586228467928,"profit_mean_pct":-10.11,"profit_sum":-0.9101327605621135,"profit_sum_pct":-91.01,"profit_total_abs":-176.63010172999998,"profit_total":-0.17663010173,"profit_total_pct":-17.66,"duration_avg":"1 day, 6:40:00","wins":0,"draws":0,"losses":9,"winrate":0.0},{"key":"TOTAL","trades":40,"profit_mean":-0.0033027718294027174,"profit_mean_pct":-0.33,"profit_sum":-0.1321108731761087,"profit_sum_pct":-13.21,"profit_total_abs":-30.806647550000005,"profit_total":-0.030806647550000003,"profit_total_pct":-3.08,"duration_avg":"1 day, 10:48:00","wins":18,"draws":0,"losses":22,"winrate":0.45}],"left_open_trades":[{"key":"LTC/USDT:USDT","trades":1,"profit_mean":0.005020025563819481,"profit_mean_pct":0.5,"profit_sum":0.005020025563819481,"profit_sum_pct":0.5,"profit_total_abs":0.97086572,"profit_total":0.0009708657200000001,"profit_total_pct":0.1,"duration_avg":"2:00:00","wins":1,"draws":0,"losses":0,"winrate":1.0},{"key":"ETH/USDT:USDT","trades":1,"profit_mean":-0.042342910798736665,"profit_mean_pct":-4.23,"profit_sum":-0.042342910798736665,"profit_sum_pct":-4.23,"profit_total_abs":-8.27675802,"profit_total":-0.00827675802,"profit_total_pct":-0.83,"duration_avg":"17:00:00","wins":0,"draws":0,"losses":1,"winrate":0.0},{"key":"TOTAL","trades":2,"profit_mean":-0.01866144261745859,"profit_mean_pct":-1.87,"profit_sum":-0.03732288523491718,"profit_sum_pct":-3.73,"profit_total_abs":-7.305892300000001,"profit_total":-0.007305892300000001,"profit_total_pct":-0.73,"duration_avg":"9:30:00","wins":1,"draws":0,"losses":1,"winrate":0.5}],"total_trades":40,"trade_count_long":40,"trade_count_short":0,"total_volume":7622.66178,"avg_stake_amount":190.56654450000002,"profit_mean":-0.0033027718294027174,"profit_median":-0.0002448179268871804,"profit_total":-0.030806647550000003,"profit_total_long":-0.030806647550000003,"profit_total_short":0.0,"profit_total_abs":-30.806647550000005,"profit_total_long_abs":-30.806647550000005,"profit_total_short_abs":0.0,"cagr":-0.3255359298625845,"expectancy":-0.7701661887500006,"expectancy_ratio":-0.09099552536588373,"sortino":-2.149992202469844,"sharpe":-1.727675288839647,"calmar":-26.8734021257825,"profit_factor":0.8345535902438478,"backtest_start":"2024-12-19 10:00:00","backtest_start_ts":1734602400000,"backtest_end":"2025-01-18 08:00:00","backtest_end_ts":1737187200000,"backtest_days":29,"backtest_run_start_ts":1737191864,"backtest_run_end_ts":1737191865,"trades_per_day":1.38,"market_change":0.02050838164193651,"pairlist":["ETH/USDT:USDT","LTC/USDT:USDT"],"stake_amount":"unlimited","stake_currency":"USDT","stake_currency_decimals":3,"starting_balance":1000,"dry_run_wallet":1000,"final_balance":969.19335245,"rejected_signals":0,"timedout_entry_orders":0,"timedout_exit_orders":0,"canceled_trade_entries":0,"canceled_entry_orders":0,"replaced_entry_orders":0,"max_open_trades":2,"max_open_trades_setting":5,"timeframe":"1h","timeframe_detail":"","timerange":"","enable_protections":false,"strategy_name":"HourBasedStrategy","stoploss":-0.1,"trailing_stop":false,"trailing_stop_positive":null,"trailing_stop_positive_offset":0.0,"trailing_only_offset_is_reached":false,"use_custom_stoploss":false,"minimal_roi":{"0":0.528,"169":0.113,"528":0.089,"1837":0},"use_exit_signal":true,"exit_profit_only":false,"exit_profit_offset":0.0,"ignore_roi_if_entry_signal":false,"trading_mode":"futures","margin_mode":"isolated","periodic_breakdown":{"day":[{"date":"19/12/2024","date_ts":1734566400000,"profit_abs":-39.83309825,"wins":0,"draws":0,"loses":2,"winrate":0.0},{"date":"20/12/2024","date_ts":1734652800000,"profit_abs":-3.07331843,"wins":1,"draws":0,"loses":1,"winrate":0.5},{"date":"21/12/2024","date_ts":1734739200000,"profit_abs":4.1479813,"wins":1,"draws":0,"loses":0,"winrate":1.0},{"date":"22/12/2024","date_ts":1734825600000,"profit_abs":-0.06438969,"wins":0,"draws":0,"loses":1,"winrate":0.0},{"date":"23/12/2024","date_ts":1734912000000,"profit_abs":7.17797531,"wins":1,"draws":0,"loses":0,"winrate":1.0},{"date":"24/12/2024","date_ts":1734998400000,"profit_abs":6.85430115,"wins":1,"draws":0,"loses":1,"winrate":0.5},{"date":"25/12/2024","date_ts":1735084800000,"profit_abs":-0.02828471,"wins":0,"draws":0,"loses":1,"winrate":0.0},{"date":"26/12/2024","date_ts":1735171200000,"profit_abs":-0.07645703,"wins":0,"draws":0,"loses":1,"winrate":0.0},{"date":"27/12/2024","date_ts":1735257600000,"profit_abs":0.0,"wins":0,"draws":0,"loses":0,"winrate":0.0},{"date":"28/12/2024","date_ts":1735344000000,"profit_abs":0.0,"wins":0,"draws":0,"loses":0,"winrate":0.0},{"date":"29/12/2024","date_ts":1735430400000,"profit_abs":-19.61470622,"wins":0,"draws":0,"loses":1,"winrate":0.0},{"date":"30/12/2024","date_ts":1735516800000,"profit_abs":0.0,"wins":0,"draws":0,"loses":0,"winrate":0.0},{"date":"31/12/2024","date_ts":1735603200000,"profit_abs":0.84776171,"wins":1,"draws":0,"loses":0,"winrate":1.0},{"date":"01/01/2025","date_ts":1735689600000,"profit_abs":9.92415886,"wins":1,"draws":0,"loses":0,"winrate":1.0},{"date":"02/01/2025","date_ts":1735776000000,"profit_abs":-0.39926466,"wins":0,"draws":0,"loses":2,"winrate":0.0},{"date":"03/01/2025","date_ts":1735862400000,"profit_abs":22.88902484,"wins":2,"draws":0,"loses":0,"winrate":1.0},{"date":"04/01/2025","date_ts":1735948800000,"profit_abs":0.0,"wins":0,"draws":0,"loses":0,"winrate":0.0},{"date":"05/01/2025","date_ts":1736035200000,"profit_abs":0.24249657,"wins":1,"draws":0,"loses":1,"winrate":0.5},{"date":"06/01/2025","date_ts":1736121600000,"profit_abs":-0.07707898,"wins":0,"draws":0,"loses":1,"winrate":0.0},{"date":"07/01/2025","date_ts":1736208000000,"profit_abs":-0.07929993,"wins":0,"draws":0,"loses":1,"winrate":0.0},{"date":"08/01/2025","date_ts":1736294400000,"profit_abs":-39.61238754,"wins":0,"draws":0,"loses":2,"winrate":0.0},{"date":"09/01/2025","date_ts":1736380800000,"profit_abs":-0.13229213,"wins":0,"draws":0,"loses":2,"winrate":0.0},{"date":"10/01/2025","date_ts":1736467200000,"profit_abs":3.49808133,"wins":1,"draws":0,"loses":0,"winrate":1.0},{"date":"11/01/2025","date_ts":1736553600000,"profit_abs":0.0,"wins":0,"draws":0,"loses":0,"winrate":0.0},{"date":"12/01/2025","date_ts":1736640000000,"profit_abs":0.0,"wins":0,"draws":0,"loses":0,"winrate":0.0},{"date":"13/01/2025","date_ts":1736726400000,"profit_abs":-38.18034969,"wins":0,"draws":0,"loses":3,"winrate":0.0},{"date":"14/01/2025","date_ts":1736812800000,"profit_abs":23.75338121,"wins":2,"draws":0,"loses":0,"winrate":1.0},{"date":"15/01/2025","date_ts":1736899200000,"profit_abs":16.29370736,"wins":1,"draws":0,"loses":0,"winrate":1.0},{"date":"16/01/2025","date_ts":1736985600000,"profit_abs":23.82676856,"wins":2,"draws":0,"loses":0,"winrate":1.0},{"date":"17/01/2025","date_ts":1737072000000,"profit_abs":18.15472078,"wins":2,"draws":0,"loses":0,"winrate":1.0},{"date":"18/01/2025","date_ts":1737158400000,"profit_abs":-27.24607927,"wins":1,"draws":0,"loses":2,"winrate":0.3333333333333333}],"week":[{"date":"23/12/2024","date_ts":1734912000000,"profit_abs":-31.64484976,"wins":3,"draws":0,"loses":4,"winrate":0.42857142857142855},{"date":"30/12/2024","date_ts":1735516800000,"profit_abs":-12.86514681,"wins":1,"draws":0,"loses":4,"winrate":0.2},{"date":"06/01/2025","date_ts":1736121600000,"profit_abs":33.42709834,"wins":5,"draws":0,"loses":4,"winrate":0.5555555555555556},{"date":"13/01/2025","date_ts":1736726400000,"profit_abs":-74.50624796,"wins":1,"draws":0,"loses":8,"winrate":0.1111111111111111},{"date":"20/01/2025","date_ts":1737331200000,"profit_abs":54.78249864,"wins":8,"draws":0,"loses":2,"winrate":0.8}],"month":[{"date":"31/12/2024","date_ts":1735603200000,"profit_abs":-43.66223486,"wins":5,"draws":0,"loses":8,"winrate":0.38461538461538464},{"date":"31/01/2025","date_ts":1738281600000,"profit_abs":12.85558731,"wins":13,"draws":0,"loses":14,"winrate":0.48148148148148145}]},"backtest_best_day":0.13029548764941568,"backtest_worst_day":-0.2028439311879023,"backtest_best_day_abs":23.82676856,"backtest_worst_day_abs":-39.83309825,"winning_days":12,"draw_days":6,"losing_days":13,"daily_profit":[["2024-12-19",-39.83309825],["2024-12-20",-3.07331843],["2024-12-21",4.1479813],["2024-12-22",-0.06438969],["2024-12-23",7.17797531],["2024-12-24",6.85430115],["2024-12-25",-0.02828471],["2024-12-26",-0.07645703],["2024-12-27",0.0],["2024-12-28",0.0],["2024-12-29",-19.61470622],["2024-12-30",0.0],["2024-12-31",0.84776171],["2025-01-01",9.92415886],["2025-01-02",-0.39926466],["2025-01-03",22.88902484],["2025-01-04",0.0],["2025-01-05",0.24249657],["2025-01-06",-0.07707898],["2025-01-07",-0.07929993],["2025-01-08",-39.61238754],["2025-01-09",-0.13229213],["2025-01-10",3.49808133],["2025-01-11",0.0],["2025-01-12",0.0],["2025-01-13",-38.18034969],["2025-01-14",23.75338121],["2025-01-15",16.29370736],["2025-01-16",23.82676856],["2025-01-17",18.15472078],["2025-01-18",-27.24607927]],"wins":18,"losses":22,"draws":0,"winrate":0.45,"holding_avg":"1 day, 10:48:00","holding_avg_s":125280.0,"winner_holding_avg":"1 day, 1:37:00","winner_holding_avg_s":92220.0,"loser_holding_avg":"1 day, 18:19:00","loser_holding_avg_s":152340.0,"max_consecutive_wins":7,"max_consecutive_losses":7,"max_drawdown_account":0.07552143325461479,"max_relative_drawdown":0.07552143325461479,"max_drawdown_abs":74.69899330000001,"drawdown_start":"2025-01-05 06:00:00","drawdown_start_ts":1736056800000.0,"drawdown_end":"2025-01-13 14:00:00","drawdown_end_ts":1736776800000.0,"max_drawdown_low":-85.58914619000001,"max_drawdown_high":-10.890152890000001,"csum_min":914.4108538099999,"csum_max":996.43943172}},"strategy_comparison":[{"key":"HourBasedStrategy","trades":40,"profit_mean":-0.0033027718294027174,"profit_mean_pct":-0.33,"profit_sum":-0.1321108731761087,"profit_sum_pct":-13.21,"profit_total_abs":-30.806647550000005,"profit_total":-0.030806647550000003,"profit_total_pct":-3.08,"duration_avg":"1 day, 10:48:00","wins":18,"draws":0,"losses":22,"winrate":0.45,"max_drawdown_account":0.07552143325461479,"max_drawdown_abs":"74.699"}]}